.,.,.,.,.,.,.,.,.,.,.,.,.,.,.,.,.,.,.,.,.,.,.,.,.
.,.,.,.,.,.,.,.,.,.,.,.,.,.,.,.,.,.,.,.,.,.,.,.,.
.,.,.,1,.,.,.,.,.,.,.,.,.,.,.,.,.,.,.,.,.,.,.,3,.
.,.,.,.,.,.,.,.,.,.,.,.,.,.,.,.,.,.,.,.,.,.,.,.,.
.,.,.,.,.,.,.,.,.,.,.,.,.,.,.,.,.,#,#,.,.,.,.,.,.
.,.,.,.,.,.,.,#,#,.,.,.,.,.,#,#,#,#,#,#,#,#,.,.,.
.,.,.,.,.,.,.,#,#,.,.,.,.,.,#,#,#,#,#,#,#,#,.,.,.
.,.,.,.,.,.,.,.,.,.,.,.,.,.,#,#,#,#,#,#,#,#,.,.,.
.,.,.,.,.,.,.,.,.,.,.,2,.,.,.,.,.,.,.,.,#,#,.,.,.
.,.,.,.,.,.,P,.,.,.,.,.,.,.,.,.,.,.,.,.,#,#,.,.,.
.,.,.,.,.,.,.,.,.,.,.,.,.,.,.,.,.,.,.,.,#,#,.,.,.
#,#,#,#,#,.,.,.,.,.,#,#,#,#,#,#,.,.,#,#,#,#,.,.,.
#,#,#,#,#,.,.,.,.,.,#,#,#,#,#,#,.,.,#,#,#,#,.,.,.
#,.,.,.,.,.,.,.,.,.,#,#,#,.,.,.,.,.,#,#,#,#,.,5,.
#,.,.,.,.,.,4,.,.,.,#,#,#,.,.,.,.,.,#,#,#,#,.,.,.
.,.,.,.,.,.,.,.,.,.,#,#,#,.,.,.,.,.,#,#,.,.,.,.,.
